Index,Time,Status,Confidence,MeanEnergy
0,23:53:56,ON,0.5010,0.005618
1,23:53:56,ON,0.7390,0.007030
2,23:53:56,ON,0.5152,0.007616
3,23:53:56,ON,0.5355,0.007747
4,23:53:56,ON,0.5378,0.007863
5,23:53:56,ON,0.5346,0.008000
6,23:53:56,ON,0.5374,0.008263
7,23:53:56,ON,0.6130,0.010144
8,23:53:56,OFF,0.4998,0.010301
9,23:53:56,OFF,0.4896,0.010465
10,23:53:56,OFF,0.4756,0.010492
11,23:53:56,ON,0.5489,0.009295
12,23:53:56,ON,0.7775,0.010036
13,23:53:56,OFF,0.4673,0.010683
14,23:53:56,ON,0.5127,0.010739
15,23:53:56,OFF,0.4940,0.010712
16,23:53:56,ON,0.5008,0.010645
17,23:53:56,ON,0.5269,0.008947
18,23:53:56,ON,0.5107,0.009017
19,23:53:56,ON,0.7149,0.010076
20,23:53:56,ON,0.6247,0.012093
21,23:53:56,ON,0.7501,0.013071
22,23:53:56,ON,0.5727,0.012484
23,23:53:56,ON,0.6383,0.011893
24,23:53:56,ON,0.6308,0.011894
25,23:53:56,ON,0.8556,0.014011
26,23:53:56,OFF,0.4726,0.014825
27,23:53:56,ON,0.6765,0.016437
28,23:53:56,OFF,0.4432,0.016380
29,23:53:56,ON,0.5156,0.015305
30,23:53:56,ON,0.7882,0.014233
31,23:53:56,ON,0.7805,0.015254
32,23:53:56,ON,0.7664,0.015511
33,23:53:56,OFF,0.4579,0.016214
34,23:53:56,OFF,0.4971,0.016202
35,23:53:56,ON,0.5925,0.014175
36,23:53:56,ON,0.8215,0.015295
37,23:53:56,OFF,0.4960,0.014609
38,23:53:56,ON,0.7450,0.016253
39,23:53:56,OFF,0.4487,0.016293
40,23:53:56,ON,0.5251,0.015391
41,23:53:56,ON,0.7674,0.013972
42,23:53:56,ON,0.8183,0.015215
43,23:53:56,ON,0.8022,0.016759
44,23:53:56,OFF,0.4950,0.017756
45,23:53:56,ON,0.5433,0.017764
46,23:53:56,ON,0.6608,0.015906
47,23:53:56,ON,0.8653,0.016749
48,23:53:56,ON,0.8552,0.017446
49,23:53:56,ON,0.7746,0.019681
50,23:53:56,OFF,0.4957,0.019738
51,23:53:56,ON,0.5595,0.019088
52,23:53:56,ON,0.8161,0.017594
53,23:53:56,ON,0.8630,0.017305
54,23:53:56,ON,0.8279,0.018571
55,23:53:56,OFF,0.4904,0.019709
56,23:53:56,OFF,0.4749,0.019619
57,23:53:56,ON,0.5663,0.017910
58,23:53:56,ON,0.8728,0.017258
59,23:53:56,ON,0.8524,0.017399
60,23:53:56,ON,0.8443,0.019848
61,23:53:56,OFF,0.4840,0.020000
62,23:53:56,ON,0.5876,0.019422
63,23:53:56,ON,0.7812,0.017844
64,23:53:57,ON,0.8828,0.017713
65,23:53:57,ON,0.5044,0.016979
66,23:53:57,ON,0.7775,0.018042
67,23:53:57,ON,0.6425,0.020257
68,23:53:57,OFF,0.4657,0.020100
69,23:53:57,ON,0.8668,0.019184
70,23:53:57,ON,0.8022,0.018141
71,23:53:57,ON,0.7594,0.018079
72,23:53:57,ON,0.9271,0.020256
73,23:53:57,ON,0.9003,0.022348
74,23:53:57,ON,0.7122,0.020879
75,23:53:57,ON,0.8724,0.022582
76,23:53:57,ON,0.5776,0.022043
77,23:53:57,ON,0.8802,0.020630
78,23:53:57,ON,0.8879,0.021528
79,23:53:57,ON,0.8760,0.022284
80,23:53:57,ON,0.8750,0.023040
81,23:53:57,ON,0.7787,0.024735
82,23:53:57,ON,0.7748,0.022568
83,23:53:57,ON,0.9516,0.021926
84,23:53:57,ON,0.9378,0.023720
85,23:53:57,ON,0.9180,0.023827
86,23:53:57,ON,0.6846,0.023356
87,23:53:57,ON,0.6520,0.022400
88,23:53:57,ON,0.8843,0.022114
89,23:53:57,ON,0.5947,0.020849
90,23:53:57,ON,0.7497,0.019035
91,23:53:57,ON,0.5182,0.018442
92,23:53:57,OFF,0.4234,0.018461
93,23:53:57,OFF,0.4315,0.016545
94,23:53:57,OFF,0.4773,0.014066
95,23:53:57,OFF,0.4883,0.011782
96,23:53:57,ON,0.7241,0.013257
97,23:53:57,OFF,0.3651,0.013342
98,23:53:57,OFF,0.4942,0.011205
99,23:53:57,ON,0.5103,0.010308
100,23:53:57,ON,0.5419,0.010028
101,23:53:57,ON,0.5293,0.008912
102,23:53:57,OFF,0.4945,0.008886
103,23:53:57,OFF,0.4557,0.008874
104,23:53:57,OFF,0.4382,0.008885
105,23:53:57,OFF,0.4257,0.008887
106,23:53:57,ON,0.5066,0.007337
107,23:53:57,OFF,0.4984,0.007310
108,23:53:57,OFF,0.4948,0.007263
109,23:53:57,ON,0.5097,0.007192
110,23:53:57,ON,0.5006,0.007024
111,23:53:57,ON,0.5060,0.006934
112,23:53:57,ON,0.5068,0.006929
113,23:53:57,ON,0.6883,0.007777
114,23:53:57,ON,0.7888,0.010160
115,23:53:57,ON,0.8186,0.012500
116,23:53:57,ON,0.6362,0.013455
117,23:53:57,ON,0.7006,0.013480
118,23:53:57,ON,0.7083,0.013566
119,23:53:57,ON,0.9028,0.015447
120,23:53:57,ON,0.8572,0.017925
121,23:53:57,ON,0.7695,0.020099
122,23:53:57,OFF,0.4737,0.020059
123,23:53:57,ON,0.5569,0.019257
124,23:53:57,ON,0.8073,0.017446
125,23:53:57,ON,0.8829,0.017400
126,23:53:57,ON,0.8279,0.018708
127,23:53:57,OFF,0.4716,0.019791
128,23:53:57,OFF,0.4638,0.019711
129,23:53:57,ON,0.5597,0.017804
130,23:53:57,ON,0.8626,0.016963
131,23:53:57,ON,0.8396,0.017143
132,23:53:57,ON,0.8146,0.019532
133,23:53:57,OFF,0.4401,0.019591
134,23:53:57,ON,0.5353,0.019024
135,23:53:57,ON,0.6134,0.016743
136,23:53:57,ON,0.6215,0.014488
137,23:53:57,ON,0.5245,0.013399
138,23:53:57,ON,0.6695,0.014390
139,23:53:57,ON,0.5008,0.016587
140,23:53:57,OFF,0.3528,0.016523
141,23:53:57,ON,0.5079,0.014211
142,23:53:57,ON,0.6394,0.011835
143,23:53:57,ON,0.6255,0.011804
144,23:53:57,ON,0.8483,0.013817
145,23:53:57,ON,0.7875,0.016153
146,23:53:57,OFF,0.4066,0.016509
147,23:53:57,OFF,0.4745,0.016517
148,23:53:57,ON,0.5356,0.015579
149,23:53:57,ON,0.8189,0.014347
150,23:53:57,ON,0.8155,0.015112
151,23:53:57,ON,0.5608,0.016743
152,23:53:57,ON,0.5012,0.016852
153,23:53:57,OFF,0.4848,0.016891
154,23:53:57,ON,0.5965,0.014938
155,23:53:57,ON,0.8664,0.014501
156,23:53:57,ON,0.8046,0.016512
157,23:53:57,OFF,0.4282,0.017153
158,23:53:57,OFF,0.4847,0.017186
159,23:53:57,ON,0.5281,0.016250
160,23:53:57,ON,0.5894,0.013989
161,23:53:57,ON,0.5476,0.012325
162,23:53:57,OFF,0.4609,0.012207
163,23:53:57,OFF,0.3798,0.012134
164,23:53:57,OFF,0.3965,0.012306
165,23:53:57,ON,0.6571,0.012644
166,23:53:57,ON,0.5056,0.010809
167,23:53:57,ON,0.5626,0.010134
168,23:53:57,ON,0.5734,0.010071
169,23:53:57,ON,0.5635,0.010082
170,23:53:57,ON,0.8024,0.011410
171,23:53:57,ON,0.6237,0.013206
172,23:53:57,ON,0.5172,0.013327
173,23:53:57,ON,0.5123,0.013391
174,23:53:57,ON,0.5258,0.013225
175,23:53:57,ON,0.6001,0.011132
176,23:53:57,ON,0.7885,0.012861
177,23:53:57,OFF,0.4326,0.013665
178,23:53:57,OFF,0.4691,0.013641
179,23:53:57,OFF,0.4435,0.013580
180,23:53:57,ON,0.5292,0.012229
181,23:53:57,ON,0.8010,0.011613
182,23:53:57,ON,0.6701,0.013436
183,23:53:57,OFF,0.4841,0.013372
184,23:53:58,ON,0.5020,0.013294
185,23:53:58,ON,0.7325,0.013940
186,23:53:58,ON,0.7966,0.013639
187,23:53:58,ON,0.5332,0.012872
188,23:53:58,ON,0.5516,0.012858
189,23:53:58,ON,0.8110,0.014856
190,23:53:58,OFF,0.4418,0.016027
191,23:53:58,ON,0.8384,0.016617
192,23:53:58,ON,0.6216,0.015918
193,23:53:58,ON,0.6581,0.016143
194,23:53:58,ON,0.8096,0.017024
195,23:53:58,ON,0.8508,0.018563
196,23:53:58,ON,0.7463,0.017178
197,23:53:58,ON,0.8432,0.019315
198,23:53:58,OFF,0.4783,0.019515
199,23:53:58,ON,0.6286,0.017567
200,23:53:58,ON,0.8580,0.018193
201,23:53:58,ON,0.5990,0.017748
202,23:53:58,ON,0.8408,0.018095
203,23:53:58,ON,0.5204,0.019364
204,23:53:58,ON,0.5577,0.018575
205,23:53:58,ON,0.7899,0.016901
206,23:53:58,ON,0.8480,0.018598
207,23:53:58,ON,0.6901,0.017065
208,23:53:58,ON,0.8361,0.019117
209,23:53:58,ON,0.7399,0.021202
210,23:53:58,ON,0.8718,0.021579
211,23:53:58,ON,0.8906,0.022367
212,23:53:58,ON,0.8525,0.022262
213,23:53:58,ON,0.9539,0.022302
214,23:53:58,ON,0.9397,0.024395
215,23:53:58,ON,0.9411,0.025953
216,23:53:58,ON,0.9459,0.025866
217,23:53:58,ON,0.9411,0.027445
218,23:53:58,ON,0.8375,0.025861
219,23:53:58,ON,0.9453,0.025964
220,23:53:58,ON,0.9321,0.025919
221,23:53:58,ON,0.9365,0.025985
222,23:53:58,ON,0.9302,0.026841
223,23:53:58,ON,0.8314,0.026865
224,23:53:58,ON,0.9379,0.025995
225,23:53:58,ON,0.9424,0.026010
226,23:53:58,ON,0.9499,0.026029
227,23:53:58,ON,0.9450,0.025906
228,23:53:58,ON,0.9415,0.027541
229,23:53:58,ON,0.7883,0.025981
230,23:53:58,ON,0.7867,0.023874
231,23:53:58,ON,0.7335,0.021778
232,23:53:58,ON,0.8894,0.021545
233,23:53:58,OFF,0.4753,0.020941
234,23:53:58,OFF,0.4657,0.019687
235,23:53:58,OFF,0.4077,0.017393
236,23:53:58,OFF,0.4499,0.015246
237,23:53:58,OFF,0.4893,0.013299
238,23:53:58,ON,0.5036,0.011107
239,23:53:58,OFF,0.4690,0.010514
240,23:53:58,OFF,0.4277,0.010575
241,23:53:58,OFF,0.4185,0.010590
242,23:53:58,ON,0.5042,0.008527
243,23:53:58,ON,0.5083,0.007649
244,23:53:58,ON,0.5085,0.007649
245,23:53:58,OFF,0.4993,0.007715
246,23:53:58,OFF,0.4995,0.007650
247,23:53:58,ON,0.5139,0.007545
248,23:53:58,ON,0.5235,0.007576
249,23:53:58,ON,0.5214,0.007624
250,23:53:58,ON,0.5118,0.007588
251,23:53:58,ON,0.5169,0.007544
252,23:53:58,ON,0.5248,0.007617
253,23:53:58,ON,0.5253,0.007649
254,23:53:58,ON,0.5244,0.007684
255,23:53:58,ON,0.5135,0.007760
256,23:53:58,ON,0.5245,0.007903
257,23:53:58,ON,0.6912,0.008612
258,23:53:58,ON,0.5139,0.009318
259,23:53:58,ON,0.5331,0.009295
260,23:53:58,ON,0.5406,0.009350
261,23:53:58,ON,0.5441,0.009374
262,23:53:58,ON,0.5267,0.009290
263,23:53:58,ON,0.6989,0.010747
264,23:53:58,OFF,0.4949,0.010673
265,23:53:58,OFF,0.4969,0.010545
266,23:53:58,OFF,0.4978,0.010385
267,23:53:58,ON,0.5262,0.009617
268,23:53:58,ON,0.6753,0.009357
269,23:53:58,OFF,0.4767,0.010182
270,23:53:58,OFF,0.4806,0.010058
271,23:53:58,OFF,0.4753,0.009997
272,23:53:58,OFF,0.4715,0.010011
273,23:53:58,ON,0.5220,0.008496
274,23:53:58,ON,0.7291,0.009928
275,23:53:58,ON,0.5066,0.010021
276,23:53:58,ON,0.5061,0.010035
277,23:53:58,OFF,0.4972,0.010024
278,23:53:58,ON,0.5259,0.009469
279,23:53:58,ON,0.6245,0.008966
280,23:53:58,ON,0.7501,0.011128
281,23:53:58,ON,0.7409,0.013217
282,23:53:58,ON,0.5407,0.014455
283,23:53:58,ON,0.5812,0.014404
284,23:53:58,ON,0.6790,0.012972
285,23:53:58,ON,0.8830,0.014385
286,23:53:58,ON,0.8275,0.016610
287,23:53:58,ON,0.8200,0.018910
288,23:53:58,OFF,0.4785,0.019196
289,23:53:58,ON,0.5555,0.018864
290,23:53:58,ON,0.7048,0.016998
291,23:53:58,ON,0.8719,0.017080
292,23:53:58,ON,0.8078,0.017978
293,23:53:58,ON,0.5222,0.019451
294,23:53:58,OFF,0.4626,0.019411
295,23:53:58,ON,0.5535,0.017999
296,23:53:58,ON,0.8520,0.017007
297,23:53:58,ON,0.8306,0.016922
298,23:53:58,ON,0.8228,0.018841
299,23:53:58,OFF,0.4706,0.019269
300,23:53:58,ON,0.5390,0.019060
301,23:53:58,ON,0.6028,0.016934
302,23:53:58,ON,0.6270,0.014847
303,23:53:58,ON,0.5312,0.013374
304,23:53:59,OFF,0.4290,0.013400
305,23:53:59,OFF,0.3342,0.013390
306,23:53:59,OFF,0.3385,0.012167
307,23:53:59,OFF,0.4250,0.010004
308,23:53:59,ON,0.5130,0.007866
309,23:53:59,ON,0.5066,0.007366
310,23:53:59,ON,0.5109,0.007361
311,23:53:59,ON,0.6801,0.008045
312,23:53:59,ON,0.5187,0.008764
313,23:53:59,ON,0.5374,0.008856
314,23:53:59,ON,0.5451,0.008934
315,23:53:59,ON,0.5409,0.008894
316,23:53:59,ON,0.5187,0.008894
317,23:53:59,ON,0.7052,0.010390
318,23:53:59,ON,0.5041,0.010326
319,23:53:59,ON,0.5013,0.010318
320,23:53:59,OFF,0.4923,0.010265
321,23:53:59,ON,0.5367,0.009577
322,23:53:59,ON,0.6691,0.009366
323,23:53:59,OFF,0.4958,0.010249
324,23:53:59,OFF,0.4961,0.010229
325,23:53:59,OFF,0.4892,0.010277
326,23:53:59,OFF,0.4719,0.010297
327,23:53:59,ON,0.5243,0.008797
328,23:53:59,ON,0.7345,0.010239
329,23:53:59,OFF,0.4965,0.010239
330,23:53:59,ON,0.7764,0.011676
331,23:53:59,ON,0.7592,0.013657
332,23:53:59,ON,0.8426,0.015212
333,23:53:59,ON,0.6672,0.014513
334,23:53:59,ON,0.7155,0.014510
335,23:53:59,ON,0.7438,0.014718
336,23:53:59,ON,0.8453,0.016771
337,23:53:59,ON,0.7447,0.018859
338,23:53:59,ON,0.5231,0.018763
339,23:53:59,OFF,0.4572,0.018782
340,23:53:59,ON,0.5557,0.017371
341,23:53:59,ON,0.8492,0.016600
342,23:53:59,ON,0.8245,0.016518
343,23:53:59,ON,0.7848,0.018298
344,23:53:59,OFF,0.4629,0.018634
345,23:53:59,ON,0.5213,0.018444
346,23:53:59,ON,0.6000,0.016418
347,23:53:59,ON,0.8494,0.016410
348,23:53:59,ON,0.7997,0.017194
349,23:53:59,ON,0.5410,0.018650
350,23:53:59,OFF,0.4724,0.018661
351,23:53:59,ON,0.6904,0.017778
352,23:53:59,ON,0.8621,0.017640
353,23:53:59,ON,0.5949,0.016085
354,23:53:59,ON,0.5980,0.015847
355,23:53:59,ON,0.5248,0.015858
356,23:53:59,OFF,0.4815,0.017231
357,23:53:59,ON,0.7068,0.016499
358,23:53:59,ON,0.5850,0.015933
359,23:53:59,ON,0.5695,0.014553
360,23:53:59,ON,0.5475,0.014511
361,23:53:59,ON,0.7920,0.015199
362,23:53:59,ON,0.8023,0.015200
363,23:53:59,ON,0.8033,0.016557
364,23:53:59,ON,0.5136,0.017007
365,23:53:59,ON,0.5664,0.016976
366,23:53:59,ON,0.5695,0.015569
367,23:53:59,ON,0.8281,0.016133
368,23:53:59,ON,0.7817,0.016544
369,23:53:59,ON,0.6473,0.018124
370,23:53:59,OFF,0.4608,0.018100
371,23:53:59,ON,0.5477,0.017028
372,23:53:59,ON,0.8204,0.015941
373,23:53:59,ON,0.8062,0.016012
374,23:53:59,ON,0.5150,0.015452
375,23:53:59,OFF,0.4949,0.015442
376,23:53:59,ON,0.6817,0.017282
377,23:53:59,OFF,0.4278,0.016206
378,23:53:59,ON,0.6656,0.014568
379,23:53:59,ON,0.5610,0.013865
380,23:53:59,ON,0.6123,0.014144
381,23:53:59,ON,0.7256,0.016102
382,23:53:59,OFF,0.4495,0.015763
383,23:53:59,ON,0.5518,0.013828
384,23:53:59,ON,0.5308,0.013808
385,23:53:59,OFF,0.4796,0.013779
386,23:53:59,ON,0.7670,0.013150
387,23:53:59,ON,0.5811,0.013925
388,23:53:59,OFF,0.4811,0.013641
389,23:53:59,ON,0.5196,0.012769
390,23:53:59,ON,0.5159,0.012583
391,23:53:59,ON,0.5768,0.010707
392,23:53:59,ON,0.7685,0.012247
393,23:53:59,OFF,0.4583,0.013092
394,23:53:59,OFF,0.4873,0.013164
395,23:53:59,OFF,0.4739,0.013269
396,23:53:59,ON,0.5410,0.012095
397,23:53:59,ON,0.7782,0.011480
398,23:53:59,ON,0.6872,0.013176
399,23:53:59,ON,0.5039,0.013087
400,23:53:59,ON,0.5219,0.013036
401,23:53:59,OFF,0.4894,0.012960
402,23:53:59,ON,0.8088,0.012278
403,23:53:59,ON,0.7473,0.013404
404,23:53:59,ON,0.5019,0.014145
405,23:53:59,ON,0.5578,0.014150
406,23:53:59,ON,0.5273,0.014127
407,23:53:59,ON,0.6509,0.013419
408,23:53:59,ON,0.7946,0.013740
409,23:53:59,ON,0.7172,0.015670
410,23:53:59,OFF,0.4492,0.015643
411,23:53:59,OFF,0.4618,0.015751
412,23:53:59,ON,0.5591,0.014450
413,23:53:59,ON,0.8288,0.013698
414,23:53:59,ON,0.7675,0.014858
415,23:53:59,OFF,0.4701,0.015748
416,23:53:59,ON,0.5013,0.015782
417,23:53:59,OFF,0.4967,0.015535
418,23:53:59,ON,0.5698,0.013542
419,23:53:59,ON,0.7916,0.013609
420,23:53:59,ON,0.7419,0.015645
421,23:53:59,OFF,0.4296,0.015672
422,23:53:59,OFF,0.4561,0.015678
423,23:53:59,ON,0.6560,0.014830
424,23:54:00,ON,0.8280,0.014794
425,23:54:00,ON,0.7810,0.015675
426,23:54:00,ON,0.5522,0.016752
427,23:54:00,ON,0.5601,0.016735
428,23:54:00,ON,0.5408,0.016706
429,23:54:00,ON,0.8303,0.016032
430,23:54:00,ON,0.8089,0.015943
431,23:54:00,ON,0.7895,0.017813
432,23:54:00,OFF,0.4717,0.018002
433,23:54:00,ON,0.5479,0.017685
434,23:54:00,ON,0.6735,0.015899
435,23:54:00,ON,0.8396,0.015964
436,23:54:00,ON,0.7442,0.016684
437,23:54:00,OFF,0.4905,0.017968
438,23:54:00,OFF,0.4572,0.017949
439,23:54:00,ON,0.5248,0.016596
440,23:54:00,ON,0.8127,0.015728
441,23:54:00,ON,0.8206,0.015706
442,23:54:00,ON,0.7889,0.017558
443,23:54:00,OFF,0.4684,0.017968
444,23:54:00,ON,0.5261,0.017858
445,23:54:00,ON,0.6057,0.015980
446,23:54:00,ON,0.6155,0.014208
447,23:54:00,ON,0.5355,0.012938
448,23:54:00,OFF,0.4483,0.013066
449,23:54:00,OFF,0.3447,0.013163
450,23:54:00,OFF,0.3623,0.012145
451,23:54:00,ON,0.6470,0.011152
452,23:54:00,ON,0.7455,0.011041
453,23:54:00,ON,0.7840,0.012589
454,23:54:00,ON,0.5969,0.013105
455,23:54:00,ON,0.6560,0.013007
456,23:54:00,ON,0.6488,0.012893
457,23:54:00,ON,0.8473,0.014739
458,23:54:00,ON,0.7963,0.016669
459,23:54:00,ON,0.6119,0.018267
460,23:54:00,OFF,0.4816,0.018237
461,23:54:00,ON,0.5576,0.017317
462,23:54:00,ON,0.8307,0.016211
463,23:54:00,ON,0.8341,0.016259
464,23:54:00,ON,0.7818,0.017679
465,23:54:00,OFF,0.4795,0.018502
466,23:54:00,ON,0.5126,0.018646
467,23:54:00,ON,0.5880,0.016822
468,23:54:00,ON,0.8478,0.016475
469,23:54:00,ON,0.8125,0.016834
470,23:54:00,ON,0.6816,0.018543
471,23:54:00,OFF,0.4752,0.018472
472,23:54:00,ON,0.5444,0.017546
473,23:54:00,ON,0.6012,0.015523
474,23:54:00,ON,0.5964,0.013585
475,23:54:00,OFF,0.4913,0.012807
476,23:54:00,OFF,0.3923,0.012685
477,23:54:00,OFF,0.3238,0.012607
478,23:54:00,OFF,0.3713,0.010902
479,23:54:00,OFF,0.4670,0.008921
480,23:54:00,ON,0.5132,0.007269
481,23:54:00,ON,0.5308,0.007391
482,23:54:00,ON,0.5186,0.007499
483,23:54:00,ON,0.5211,0.007541
484,23:54:00,ON,0.5221,0.007592
485,23:54:00,ON,0.5166,0.007652
486,23:54:00,ON,0.5065,0.007616
487,23:54:00,ON,0.5042,0.007628
488,23:54:00,ON,0.5062,0.007651
489,23:54:00,ON,0.5019,0.007618
490,23:54:00,ON,0.5038,0.007544
491,23:54:00,ON,0.5036,0.007462
492,23:54:00,ON,0.5001,0.007411
493,23:54:00,ON,0.5026,0.007350
494,23:54:00,OFF,0.4992,0.007216
495,23:54:00,ON,0.5073,0.007167
496,23:54:00,ON,0.5108,0.007283
497,23:54:00,ON,0.7372,0.008888
498,23:54:00,ON,0.5671,0.010074
499,23:54:00,ON,0.5663,0.010066
500,23:54:00,ON,0.5807,0.010078
501,23:54:00,ON,0.5748,0.010032
502,23:54:00,ON,0.7115,0.010590
503,23:54:00,ON,0.7792,0.012819
504,23:54:00,OFF,0.4469,0.013122
505,23:54:00,OFF,0.4862,0.013162
506,23:54:00,OFF,0.4884,0.013178
507,23:54:00,ON,0.5539,0.011630
508,23:54:00,ON,0.7952,0.011943
509,23:54:00,ON,0.5297,0.013422
510,23:54:00,ON,0.5133,0.013468
511,23:54:00,OFF,0.4799,0.013495
512,23:54:00,ON,0.5137,0.013010
513,23:54:00,ON,0.6828,0.011199
514,23:54:00,ON,0.7934,0.013164
515,23:54:00,OFF,0.4190,0.013542
516,23:54:00,OFF,0.4804,0.013535
517,23:54:00,OFF,0.4685,0.013478
518,23:54:00,ON,0.5381,0.011957
519,23:54:00,ON,0.5275,0.010489
520,23:54:00,ON,0.7556,0.012448
521,23:54:00,OFF,0.4353,0.013417
522,23:54:00,OFF,0.4605,0.013361
523,23:54:00,ON,0.7530,0.014011
524,23:54:00,ON,0.8232,0.013865
525,23:54:00,ON,0.8521,0.015643
526,23:54:00,ON,0.8770,0.017685
527,23:54:00,ON,0.9186,0.019929
528,23:54:00,ON,0.7677,0.020718
529,23:54:00,ON,0.9445,0.022826
530,23:54:00,ON,0.9532,0.023114
531,23:54:00,ON,0.9422,0.024301
532,23:54:00,ON,0.9348,0.026480
533,23:54:00,ON,0.9114,0.027405
534,23:54:00,ON,0.9256,0.026144
535,23:54:00,ON,0.9441,0.026151
536,23:54:00,ON,0.9475,0.026299
537,23:54:00,ON,0.9513,0.026389
538,23:54:00,ON,0.9370,0.027805
539,23:54:00,ON,0.9424,0.027925
540,23:54:00,ON,0.9545,0.027856
541,23:54:00,ON,0.9659,0.028058
542,23:54:00,ON,0.9689,0.028166
543,23:54:00,ON,0.9702,0.028537
544,23:54:01,ON,0.9665,0.030031
545,23:54:01,ON,0.9074,0.029385
546,23:54:01,ON,0.9667,0.028694
547,23:54:01,ON,0.9583,0.028608
548,23:54:01,ON,0.9594,0.028708
549,23:54:01,ON,0.9500,0.028665
550,23:54:01,ON,0.9550,0.028784
551,23:54:01,ON,0.8609,0.027112
552,23:54:01,ON,0.9585,0.027255
553,23:54:01,ON,0.9493,0.027278
554,23:54:01,ON,0.9520,0.027253
555,23:54:01,ON,0.9512,0.028190
556,23:54:01,ON,0.8845,0.028269
557,23:54:01,ON,0.9528,0.027352
558,23:54:01,ON,0.9589,0.027357
559,23:54:01,ON,0.9640,0.027526
560,23:54:01,ON,0.9645,0.027572
561,23:54:01,ON,0.8564,0.028310
562,23:54:01,ON,0.8263,0.025880
563,23:54:01,ON,0.9473,0.025932
564,23:54:01,ON,0.9348,0.026075
565,23:54:01,ON,0.9259,0.025889
566,23:54:01,ON,0.9155,0.026648
567,23:54:01,ON,0.8156,0.025988
568,23:54:01,ON,0.9461,0.026051
569,23:54:01,ON,0.9508,0.025992
570,23:54:01,ON,0.8615,0.024915
571,23:54:01,ON,0.7990,0.023421
572,23:54:01,ON,0.7134,0.023357
573,23:54:01,ON,0.9006,0.022556
574,23:54:01,ON,0.8140,0.022486
575,23:54:01,ON,0.8118,0.022596
576,23:54:01,OFF,0.4883,0.020514
577,23:54:01,ON,0.5612,0.019899
578,23:54:01,ON,0.7190,0.017688
579,23:54:01,ON,0.8991,0.017738
580,23:54:01,ON,0.8247,0.018752
581,23:54:01,ON,0.5310,0.020371
582,23:54:01,OFF,0.4666,0.020416
583,23:54:01,ON,0.5566,0.018783
584,23:54:01,ON,0.8765,0.017807
585,23:54:01,ON,0.8749,0.017710
586,23:54:01,ON,0.8502,0.019839
587,23:54:01,OFF,0.4799,0.020343
588,23:54:01,ON,0.5457,0.020197
589,23:54:01,ON,0.6339,0.017873
590,23:54:01,ON,0.6466,0.015585
591,23:54:01,ON,0.5453,0.014036
592,23:54:01,OFF,0.4191,0.013976
593,23:54:01,OFF,0.3259,0.014004
594,23:54:01,OFF,0.3260,0.012651
595,23:54:01,OFF,0.4106,0.010276
596,23:54:01,ON,0.5246,0.007867
597,23:54:01,ON,0.5114,0.007358
598,23:54:01,ON,0.5073,0.007333
599,23:54:01,ON,0.5251,0.007414
600,23:54:01,ON,0.5126,0.007347
601,23:54:01,ON,0.5134,0.007350
602,23:54:01,ON,0.5165,0.007478
603,23:54:01,ON,0.5201,0.007540
604,23:54:01,ON,0.5231,0.007541
605,23:54:01,ON,0.5031,0.007648
606,23:54:01,ON,0.5081,0.007562
607,23:54:01,ON,0.5178,0.007642
608,23:54:01,ON,0.5136,0.007657
609,23:54:01,ON,0.5079,0.007585
610,23:54:01,ON,0.5226,0.007714
611,23:54:01,ON,0.5075,0.007688
612,23:54:01,ON,0.5147,0.007662
613,23:54:01,ON,0.5206,0.007681
614,23:54:01,ON,0.5229,0.007725
615,23:54:01,ON,0.5261,0.007711
616,23:54:01,ON,0.5011,0.007738
617,23:54:01,ON,0.5135,0.007615
618,23:54:01,ON,0.7815,0.009232
619,23:54:01,ON,0.7947,0.011536
620,23:54:01,ON,0.5976,0.012554
621,23:54:01,ON,0.9029,0.014789
622,23:54:01,ON,0.7091,0.016021
623,23:54:01,ON,0.8235,0.016222
624,23:54:01,ON,0.9356,0.018654
625,23:54:01,ON,0.9011,0.021017
626,23:54:01,ON,0.8624,0.021841
627,23:54:01,ON,0.8960,0.024396
628,23:54:01,ON,0.6428,0.022749
629,23:54:01,ON,0.9353,0.021783
630,23:54:01,ON,0.9082,0.023076
631,23:54:01,ON,0.7642,0.022236
632,23:54:01,ON,0.9301,0.022927
633,23:54:01,ON,0.6790,0.024134
634,23:54:01,ON,0.7125,0.021697
635,23:54:01,ON,0.9232,0.021857
636,23:54:01,ON,0.8995,0.023598
637,23:54:01,ON,0.8251,0.021677
638,23:54:01,ON,0.9035,0.024226
639,23:54:01,ON,0.6342,0.023176
640,23:54:01,ON,0.7314,0.020759
641,23:54:01,ON,0.6472,0.019336
642,23:54:01,ON,0.8745,0.018411
643,23:54:01,ON,0.7713,0.019304
644,23:54:01,ON,0.6726,0.021739
645,23:54:01,OFF,0.4093,0.020074
646,23:54:01,ON,0.6151,0.017513
647,23:54:01,ON,0.6573,0.016856
648,23:54:01,ON,0.9234,0.016498
649,23:54:01,ON,0.8753,0.018743
650,23:54:01,ON,0.7665,0.021034
651,23:54:01,ON,0.5038,0.021141
652,23:54:01,ON,0.6023,0.020134
653,23:54:01,ON,0.8735,0.018602
654,23:54:01,ON,0.9178,0.018695
655,23:54:01,ON,0.8616,0.020291
656,23:54:01,ON,0.5366,0.021396
657,23:54:01,ON,0.5316,0.021478
658,23:54:01,ON,0.6459,0.019430
659,23:54:01,ON,0.9195,0.018951
660,23:54:01,ON,0.8879,0.019330
661,23:54:01,ON,0.8226,0.021709
662,23:54:01,ON,0.5270,0.021754
663,23:54:01,ON,0.6069,0.020941
664,23:54:02,ON,0.9256,0.020766
665,23:54:02,ON,0.7069,0.019461
666,23:54:02,ON,0.6465,0.018325
667,23:54:02,ON,0.8523,0.019484
668,23:54:02,OFF,0.3606,0.019898
669,23:54:02,OFF,0.4532,0.017865
670,23:54:02,ON,0.8098,0.017079
671,23:54:02,OFF,0.4963,0.014709
672,23:54:02,OFF,0.4961,0.014639
673,23:54:02,ON,0.6058,0.016465
674,23:54:02,ON,0.5381,0.014006
675,23:54:02,ON,0.6903,0.013239
676,23:54:02,OFF,0.4656,0.014558
677,23:54:02,ON,0.5144,0.013275
678,23:54:02,ON,0.7724,0.013740
679,23:54:02,OFF,0.3793,0.014404
680,23:54:02,ON,0.5309,0.012478
681,23:54:02,ON,0.8315,0.014079
682,23:54:02,OFF,0.4460,0.014131
683,23:54:02,ON,0.5518,0.012267
684,23:54:02,ON,0.7354,0.014113
685,23:54:02,ON,0.5130,0.013642
686,23:54:02,ON,0.6279,0.012549
687,23:54:02,ON,0.5052,0.014136
688,23:54:02,ON,0.5249,0.013057
689,23:54:02,ON,0.7383,0.013195
690,23:54:02,ON,0.7717,0.015836
691,23:54:02,ON,0.7365,0.014966
692,23:54:02,ON,0.5742,0.016120
693,23:54:02,ON,0.6283,0.016187
694,23:54:02,ON,0.6585,0.014326
695,23:54:02,ON,0.8851,0.016316
696,23:54:02,ON,0.5302,0.017783
697,23:54:02,ON,0.8489,0.018173
698,23:54:02,OFF,0.4272,0.018173
699,23:54:02,ON,0.5397,0.017297
700,23:54:02,ON,0.8008,0.015258
701,23:54:02,ON,0.8842,0.017102
702,23:54:02,ON,0.6297,0.016638
703,23:54:02,OFF,0.4831,0.017957
704,23:54:02,OFF,0.4447,0.017958
705,23:54:02,ON,0.5520,0.016001
706,23:54:02,ON,0.8357,0.016162
707,23:54:02,ON,0.5864,0.016169
708,23:54:02,ON,0.8779,0.018122
709,23:54:02,OFF,0.4371,0.018224
710,23:54:02,ON,0.5570,0.017626
711,23:54:02,ON,0.7974,0.015438
712,23:54:02,ON,0.8864,0.017336
713,23:54:02,ON,0.8577,0.018600
714,23:54:02,ON,0.5351,0.020311
715,23:54:02,ON,0.5267,0.020234
716,23:54:02,ON,0.6515,0.018367
717,23:54:02,ON,0.9121,0.018215
718,23:54:02,ON,0.9036,0.018907
719,23:54:02,ON,0.8923,0.021655
720,23:54:02,OFF,0.4870,0.022003
721,23:54:02,ON,0.5791,0.021491
722,23:54:02,ON,0.7421,0.019072
723,23:54:02,ON,0.9287,0.019204
724,23:54:02,ON,0.8868,0.020293
725,23:54:02,ON,0.5978,0.022273
726,23:54:02,ON,0.5103,0.022279
727,23:54:02,ON,0.5955,0.020434
728,23:54:02,ON,0.9284,0.019436
729,23:54:02,ON,0.9141,0.019239
730,23:54:02,ON,0.9042,0.021843
731,23:54:02,ON,0.5213,0.022535
732,23:54:02,ON,0.5879,0.022325
733,23:54:02,ON,0.6548,0.019529
734,23:54:02,ON,0.6876,0.016815
735,23:54:02,ON,0.5836,0.014948
736,23:54:02,OFF,0.4549,0.015110
737,23:54:02,OFF,0.3172,0.015241
738,23:54:02,OFF,0.3080,0.013716
739,23:54:02,ON,0.6671,0.012330
740,23:54:02,ON,0.7866,0.011951
741,23:54:02,ON,0.5803,0.011380
742,23:54:02,ON,0.6208,0.011417
743,23:54:02,ON,0.6310,0.011486
744,23:54:02,ON,0.5895,0.011430
745,23:54:02,ON,0.8642,0.013986
746,23:54:02,OFF,0.4225,0.015139
747,23:54:02,OFF,0.4600,0.015078
748,23:54:02,OFF,0.4217,0.014929
749,23:54:02,ON,0.5016,0.013591
750,23:54:02,ON,0.8203,0.012040
751,23:54:02,ON,0.8064,0.014655
752,23:54:02,OFF,0.4512,0.014636
753,23:54:02,OFF,0.4792,0.014587
754,23:54:02,OFF,0.4806,0.014679
755,23:54:02,ON,0.5653,0.011997
756,23:54:02,ON,0.8700,0.013136
757,23:54:02,OFF,0.4618,0.014767
758,23:54:02,OFF,0.4837,0.014905
759,23:54:02,OFF,0.4461,0.014990
760,23:54:02,OFF,0.4958,0.014023
761,23:54:02,ON,0.5566,0.011280
762,23:54:02,ON,0.5120,0.011270
763,23:54:02,OFF,0.4362,0.011310
764,23:54:02,OFF,0.3839,0.011329
765,23:54:02,OFF,0.3480,0.011444
766,23:54:02,OFF,0.4780,0.008996
767,23:54:02,ON,0.5279,0.007484
768,23:54:02,ON,0.5196,0.007493
769,23:54:02,ON,0.5373,0.007614
770,23:54:02,ON,0.5154,0.007647
771,23:54:02,ON,0.5164,0.007729
772,23:54:02,ON,0.5148,0.007753
773,23:54:02,ON,0.5170,0.007814
774,23:54:02,ON,0.5164,0.007726
775,23:54:02,ON,0.5201,0.007874
776,23:54:02,ON,0.5089,0.007941
777,23:54:02,ON,0.5089,0.007870
778,23:54:02,ON,0.5320,0.007910
779,23:54:02,ON,0.5130,0.007823
780,23:54:02,ON,0.5285,0.007831
781,23:54:02,ON,0.5175,0.007897
782,23:54:02,ON,0.5002,0.007854
783,23:54:02,ON,0.6422,0.008234
784,23:54:03,ON,0.8408,0.011193
785,23:54:03,ON,0.8542,0.013882
786,23:54:03,ON,0.9197,0.016795
787,23:54:03,ON,0.7672,0.017537
788,23:54:03,ON,0.8445,0.017545
789,23:54:03,ON,0.9723,0.019507
790,23:54:03,ON,0.9603,0.022293
791,23:54:03,ON,0.9613,0.025243
792,23:54:03,ON,0.8909,0.027632
793,23:54:03,ON,0.7565,0.027093
794,23:54:03,ON,0.8571,0.024322
795,23:54:03,ON,0.9690,0.024471
796,23:54:03,ON,0.9531,0.024426
797,23:54:03,ON,0.9432,0.026610
798,23:54:03,ON,0.6856,0.027632
799,23:54:03,ON,0.7159,0.025621
800,23:54:03,ON,0.9565,0.024596
801,23:54:03,ON,0.9606,0.024481
802,23:54:03,ON,0.9632,0.025141
803,23:54:03,ON,0.9216,0.027797
804,23:54:03,ON,0.7582,0.027671
805,23:54:03,ON,0.8146,0.024717
806,23:54:03,ON,0.7997,0.021915
807,23:54:03,ON,0.7465,0.019031
808,23:54:03,ON,0.9006,0.020655
809,23:54:03,OFF,0.3839,0.022030
810,23:54:03,OFF,0.3507,0.020223
811,23:54:03,OFF,0.4173,0.017476
812,23:54:03,ON,0.5557,0.014548
813,23:54:03,ON,0.5810,0.012080
814,23:54:03,ON,0.5020,0.012049
815,23:54:03,OFF,0.4450,0.012064
816,23:54:03,OFF,0.3818,0.011921
817,23:54:03,OFF,0.3566,0.011807
818,23:54:03,OFF,0.4812,0.009006
819,23:54:03,OFF,0.4945,0.007592
820,23:54:03,OFF,0.4883,0.007516
821,23:54:03,OFF,0.4925,0.007310
822,23:54:03,OFF,0.4997,0.007124
823,23:54:03,ON,0.5277,0.007084
824,23:54:03,ON,0.5228,0.007210
825,23:54:03,ON,0.5238,0.007216
826,23:54:03,ON,0.5243,0.007321
827,23:54:03,ON,0.5201,0.007397
828,23:54:03,ON,0.5158,0.007395
829,23:54:03,ON,0.5197,0.007603
830,23:54:03,ON,0.5103,0.007720
831,23:54:03,ON,0.5077,0.007779
832,23:54:03,ON,0.5067,0.007880
833,23:54:03,OFF,0.4981,0.007731
834,23:54:03,ON,0.8178,0.009446
835,23:54:03,ON,0.8462,0.012232
836,23:54:03,ON,0.5965,0.013414
837,23:54:03,ON,0.6790,0.013336
838,23:54:03,ON,0.6795,0.013300
839,23:54:03,ON,0.7534,0.013398
840,23:54:03,ON,0.8999,0.016368
841,23:54:03,ON,0.7979,0.019264
842,23:54:03,OFF,0.4247,0.019198
843,23:54:03,OFF,0.4471,0.019308
844,23:54:03,ON,0.5798,0.017368
845,23:54:03,ON,0.9279,0.016158
846,23:54:03,ON,0.8886,0.017880
847,23:54:03,ON,0.5016,0.019496
848,23:54:03,ON,0.5392,0.019643
849,23:54:03,ON,0.5006,0.019334
850,23:54:03,ON,0.5957,0.016252
851,23:54:03,ON,0.9066,0.016330
852,23:54:03,ON,0.8473,0.019359
853,23:54:03,OFF,0.3957,0.019377
854,23:54:03,OFF,0.4435,0.019536
855,23:54:03,ON,0.7197,0.018292
856,23:54:03,ON,0.9234,0.018145
857,23:54:03,ON,0.9026,0.019294
858,23:54:03,ON,0.6463,0.020952
859,23:54:03,ON,0.6277,0.020905
860,23:54:03,ON,0.5913,0.020904
861,23:54:03,ON,0.9316,0.019746
862,23:54:03,ON,0.9072,0.019439
863,23:54:03,ON,0.9094,0.022361
864,23:54:03,ON,0.5057,0.022546
865,23:54:03,ON,0.5910,0.022062
866,23:54:03,ON,0.7535,0.019418
867,23:54:03,ON,0.9357,0.019532
868,23:54:03,ON,0.8926,0.020533
869,23:54:03,ON,0.5877,0.022646
870,23:54:03,OFF,0.4974,0.022658
871,23:54:03,ON,0.5963,0.020746
872,23:54:03,ON,0.9310,0.019701
873,23:54:03,ON,0.9239,0.019481
874,23:54:03,ON,0.9170,0.022190
875,23:54:03,ON,0.5397,0.022912
876,23:54:03,ON,0.6018,0.022727
877,23:54:03,ON,0.6744,0.019898
878,23:54:03,ON,0.6887,0.017188
879,23:54:03,ON,0.5863,0.015150
880,23:54:03,OFF,0.4275,0.015088
881,23:54:03,OFF,0.3094,0.015074
882,23:54:03,OFF,0.2917,0.013355
883,23:54:03,OFF,0.3739,0.010541
884,23:54:03,ON,0.5239,0.007628
885,23:54:03,ON,0.5185,0.007164
886,23:54:03,ON,0.5070,0.007139
887,23:54:03,ON,0.5159,0.007168
888,23:54:03,ON,0.5213,0.007151
889,23:54:03,ON,0.5156,0.007198
890,23:54:03,ON,0.5038,0.007238
891,23:54:03,OFF,0.4991,0.007277
892,23:54:03,OFF,0.4978,0.007300
893,23:54:03,OFF,0.4930,0.007243
894,23:54:03,OFF,0.4942,0.007117
895,23:54:03,ON,0.5191,0.006951
896,23:54:03,ON,0.5195,0.007138
897,23:54:03,ON,0.5097,0.007147
898,23:54:03,ON,0.5304,0.007290
899,23:54:03,ON,0.5273,0.007258
900,23:54:03,ON,0.5194,0.007320
901,23:54:03,ON,0.5116,0.007311
902,23:54:03,ON,0.5098,0.007353
903,23:54:03,OFF,0.4993,0.007400
904,23:54:04,OFF,0.4922,0.007396
905,23:54:04,OFF,0.4894,0.007319
906,23:54:04,ON,0.5098,0.007179
907,23:54:04,ON,0.6918,0.007992
908,23:54:04,ON,0.5309,0.009160
909,23:54:04,ON,0.5441,0.009229
910,23:54:04,ON,0.5497,0.009217
911,23:54:04,ON,0.5617,0.009308
912,23:54:04,ON,0.5347,0.009309
913,23:54:04,ON,0.8274,0.011334
914,23:54:04,OFF,0.4728,0.011329
915,23:54:04,OFF,0.4899,0.011341
916,23:54:04,OFF,0.4826,0.011251
917,23:54:04,ON,0.5204,0.010301
918,23:54:04,ON,0.6444,0.009367
919,23:54:04,OFF,0.4646,0.010825
920,23:54:04,OFF,0.4430,0.010762
921,23:54:04,OFF,0.4413,0.010655
922,23:54:04,OFF,0.4318,0.010613
923,23:54:04,ON,0.5454,0.008736
924,23:54:04,ON,0.8426,0.010801
925,23:54:04,OFF,0.4985,0.011034
926,23:54:04,ON,0.5377,0.011176
927,23:54:04,ON,0.7488,0.013252
928,23:54:04,ON,0.5698,0.012936
929,23:54:04,ON,0.6069,0.011394
930,23:54:04,ON,0.5644,0.011541
931,23:54:04,OFF,0.4985,0.011544
932,23:54:04,ON,0.7885,0.014456
933,23:54:04,OFF,0.3401,0.015387
934,23:54:04,ON,0.5514,0.013337
935,23:54:04,ON,0.5370,0.013115
936,23:54:04,ON,0.5110,0.012986
937,23:54:04,ON,0.8438,0.012291
938,23:54:04,ON,0.7430,0.014725
939,23:54:04,OFF,0.4875,0.014778
940,23:54:04,ON,0.5523,0.014931
941,23:54:04,ON,0.5001,0.015127
942,23:54:04,ON,0.6194,0.012334
943,23:54:04,ON,0.8644,0.013877
944,23:54:04,OFF,0.4490,0.015128
945,23:54:04,OFF,0.4816,0.015127
946,23:54:04,OFF,0.4387,0.015147
947,23:54:04,ON,0.5182,0.013785
948,23:54:04,ON,0.8257,0.012358
949,23:54:04,OFF,0.4200,0.013081
950,23:54:04,OFF,0.4520,0.012804
951,23:54:04,OFF,0.4235,0.012650
952,23:54:04,ON,0.6052,0.013261
953,23:54:04,OFF,0.4979,0.011873
954,23:54:04,ON,0.5192,0.010577
955,23:54:04,ON,0.5108,0.010578
956,23:54:04,ON,0.8283,0.012757
957,23:54:04,ON,0.8062,0.015612
958,23:54:04,ON,0.5883,0.015385
959,23:54:04,ON,0.6739,0.014655
960,23:54:04,ON,0.6557,0.014713
961,23:54:04,ON,0.8143,0.015359
962,23:54:04,ON,0.8902,0.017530
963,23:54:04,ON,0.6776,0.018635
964,23:54:04,OFF,0.4734,0.018739
965,23:54:04,OFF,0.4722,0.018804
966,23:54:04,ON,0.5877,0.016586
967,23:54:04,ON,0.9069,0.015694
968,23:54:04,ON,0.8511,0.017716
969,23:54:04,OFF,0.4614,0.018790
970,23:54:04,OFF,0.4883,0.018843
971,23:54:04,ON,0.5064,0.018267
972,23:54:04,ON,0.7590,0.015806
